iata,icao,state
GKA,AYGA,Port_Moresby
MAG,AYMD,Port_Moresby
HGU,AYMH,Port_Moresby
LAE,AYNZ,Port_Moresby
POM,AYPY,Port_Moresby
WWK,AYWK,Port_Moresby
UAK,BGBW,Godthab
GOH,BGGH,Godthab
SFJ,BGSF,Godthab
THU,BGTL,Thule
AEY,BIAR,Reykjavik
EGS,BIEG,Reykjavik
HFN,BIHN,Reykjavik
HZK,BIHU,Reykjavik
IFJ,BIIS,Reykjavik
KEF,BIKF,Reykjavik
PFJ,BIPA,Reykjavik
RKV,BIRK,Reykjavik
SIJ,BISI,Reykjavik
VEY,BIVM,Reykjavik
YAM,CYAM,Toronto
\N,CYAV,Winnipeg
\N,CYAW,Halifax
YAY,CYAY,St_Johns
YAZ,CYAZ,Vancouver
YBB,CYBB,Edmonton
YBC,CYBC,Toronto
YBG,CYBG,Toronto
YBK,CYBK,Winnipeg
YBL,CYBL,Vancouver
YBR,CYBR,Winnipeg
YCB,CYCB,Edmonton
YCD,CYCD,Vancouver
YCG,CYCG,Vancouver
YCH,CYCH,Halifax
YCL,CYCL,Halifax
YCO,CYCO,Edmonton
YCT,CYCT,Edmonton
YCW,CYCW,Vancouver
YCY,CYCY,Toronto
YZS,CYZS,Coral_Harbour
YDA,CYDA,Vancouver
YDB,CYDB,Vancouver
\N,CYDC,Vancouver
YDF,CYDF,St_Johns
YDL,CYDL,Vancouver
YDN,CYDN,Winnipeg
YDQ,CYDQ,Dawson_Creek
YEG,CYEG,Edmonton
YEK,CYEK,Winnipeg
YEN,CYEN,Regina
YET,CYET,Edmonton
YEU,CYEU,Winnipeg
YEV,CYEV,Edmonton
YFB,CYFB,Toronto
YFC,CYFC,Halifax
YFE,CYFE,Toronto
YFO,CYFO,Winnipeg
YFR,CYFR,Edmonton
YFS,CYFS,Edmonton
YGK,CYGK,Toronto
YGL,CYGL,Toronto
YGP,CYGP,Toronto
YGQ,CYGQ,Toronto
YGR,CYGR,Toronto
YHB,CYHB,Regina
YHD,CYHD,Winnipeg
YHI,CYHI,Edmonton
YHK,CYHK,Edmonton
YHM,CYHM,Toronto
YHU,CYHU,Toronto
YHY,CYHY,Edmonton
YHZ,CYHZ,Halifax
YIB,CYIB,Coral_Harbour
YIO,CYIO,Toronto
YJN,CYJN,Toronto
YJT,CYJT,St_Johns
YKA,CYKA,Vancouver
YKF,CYKF,Toronto
YKL,CYKL,Toronto
YKY,CYKY,Regina
YKZ,CYKZ,Toronto
YLD,CYLD,Toronto
YLJ,CYLJ,Regina
YLL,CYLL,Edmonton
YLT,CYLT,Toronto
YLW,CYLW,Vancouver
YMA,CYMA,Vancouver
YMJ,CYMJ,Regina
YMM,CYMM,Edmonton
YMO,CYMO,Toronto
YMW,CYMW,Toronto
YMX,CYMX,Toronto
YNA,CYNA,Toronto
YND,CYND,Toronto
YNM,CYNM,Toronto
YOC,CYOC,Vancouver
YOD,CYOD,Edmonton
YOJ,CYOJ,Edmonton
YOW,CYOW,Toronto
YPA,CYPA,Regina
YPE,CYPE,Edmonton
YPG,CYPG,Winnipeg
\N,CYPK,Vancouver
YPL,CYPL,Coral_Harbour
YPN,CYPN,Toronto
YPQ,CYPQ,Toronto
YPR,CYPR,Vancouver
YPY,CYPY,Edmonton
YQA,CYQA,Toronto
YQB,CYQB,Toronto
YQF,CYQF,Edmonton
YQG,CYQG,Toronto
YQH,CYQH,Vancouver
YQK,CYQK,Winnipeg
YQL,CYQL,Edmonton
YQM,CYQM,Halifax
YQQ,CYQQ,Vancouver
YQR,CYQR,Regina
YQT,CYQT,Toronto
YQU,CYQU,Edmonton
YQV,CYQV,Regina
YQW,CYQW,Regina
YQX,CYQX,St_Johns
YQY,CYQY,Halifax
YQZ,CYQZ,Vancouver
YRB,CYRB,Winnipeg
YRI,CYRI,Toronto
YRJ,CYRJ,Toronto
YRM,CYRM,Edmonton
YRT,CYRT,Winnipeg
YSB,CYSB,Toronto
YSC,CYSC,Toronto
YSJ,CYSJ,Halifax
YSM,CYSM,Edmonton
YSR,CYSR,Toronto
YSU,CYSU,Halifax
YSY,CYSY,Edmonton
YTE,CYTE,Toronto
YTH,CYTH,Winnipeg
YTR,CYTR,Toronto
YTS,CYTS,Toronto
YTZ,CYTZ,Toronto
YUB,CYUB,Edmonton
YUL,CYUL,Toronto
YUT,CYUT,Winnipeg
YUX,CYUX,Toronto
YUY,CYUY,Toronto
YVC,CYVC,Regina
YVG,CYVG,Edmonton
YVM,CYVM,Toronto
YVO,CYVO,Toronto
YVP,CYVP,Toronto
YVQ,CYVQ,Edmonton
YVR,CYVR,Vancouver
YVT,CYVT,Regina
YVV,CYVV,Toronto
YWA,CYWA,Toronto
YWG,CYWG,Winnipeg
YWK,CYWK,Halifax
YWL,CYWL,Vancouver
YWY,CYWY,Edmonton
YXC,CYXC,Edmonton
YXD,CYXD,Edmonton
YXE,CYXE,Regina
YXH,CYXH,Edmonton
YXJ,CYXJ,Dawson_Creek
YXL,CYXL,Winnipeg
YXP,CYXP,Toronto
YXR,CYXR,Toronto
YXS,CYXS,Vancouver
YXT,CYXT,Vancouver
YXU,CYXU,Toronto
YXX,CYXX,Vancouver
YXY,CYXY,Vancouver
YYB,CYYB,Toronto
YYC,CYYC,Edmonton
YYD,CYYD,Vancouver
YYE,CYYE,Vancouver
YYF,CYYF,Vancouver
YYG,CYYG,Halifax
YYH,CYYH,Edmonton
YYJ,CYYJ,Vancouver
YYL,CYYL,Winnipeg
YYN,CYYN,Regina
YYQ,CYYQ,Winnipeg
YYR,CYYR,Halifax
YYT,CYYT,St_Johns
YYU,CYYU,Toronto
YYW,CYYW,Toronto
YYY,CYYY,Toronto
YYZ,CYYZ,Toronto
YZD,CYZD,Toronto
YZE,CYZE,Toronto
YZF,CYZF,Edmonton
YZH,CYZH,Edmonton
YZP,CYZP,Vancouver
YZR,CYZR,Toronto
YZT,CYZT,Vancouver
YZU,CYZU,Edmonton
YZV,CYZV,Toronto
YZW,CYZW,Vancouver
YZX,CYZX,Halifax
ZFA,CZFA,Vancouver
ZFM,CZFM,Edmonton
QLD,DAAB,Algiers
BUJ,DAAD,Algiers
BJA,DAAE,Algiers
ALG,DAAG,Algiers
DJG,DAAJ,Algiers
\N,DAAK,Algiers
\N,DAAN,Algiers
VVZ,DAAP,Algiers
\N,DAAQ,Algiers
TMR,DAAT,Algiers
GJL,DAAV,Algiers
MZW,DAAY,Algiers
\N,DAAZ,Algiers
AAE,DABB,Algiers
CZL,DABC,Algiers
TEE,DABS,Algiers
HRM,DAFH,Algiers
TID,DAOB,Algiers
\N,DAOE,Algiers
TIN,DAOF,Algiers
CFK,DAOI,Algiers
TAF,DAOL,Algiers
TLM,DAON,Algiers
ORN,DAOO,Algiers
BFW,DAOS,Algiers
MUW,DAOV,Algiers
AZR,DAUA,Algiers
BSK,DAUB,Algiers
ELG,DAUE,Algiers
GHA,DAUG,Algiers
HME,DAUH,Algiers
INZ,DAUI,Algiers
TGR,DAUK,Algiers
LOO,DAUL,Algiers
TMX,DAUT,Algiers
OGX,DAUU,Algiers
IAM,DAUZ,Algiers
COO,DBBB,Porto-Novo
OUA,DFFD,Ouagadougou
BOY,DFOO,Ouagadougou
ACC,DGAA,Accra
TML,DGLE,Accra
\N,DGLW,Accra
NYI,DGSN,Accra
TKD,DGTK,Accra
ABJ,DIAP,Abidjan
BYK,DIBK,Abidjan
DJO,DIDL,Abidjan
HGO,DIKO,Abidjan
MJC,DIMN,Abidjan
SPY,DISP,Abidjan
ASK,DIYO,Abidjan
ABV,DNAA,Lagos
AKR,DNAK,Lagos
BNI,DNBE,Lagos
CBQ,DNCA,Lagos
ENU,DNEN,Lagos
\N,DNGU,Lagos
IBA,DNIB,Lagos
ILR,DNIL,Lagos
JOS,DNJO,Lagos
KAD,DNKA,Lagos
KAN,DNKN,Lagos
MIU,DNMA,Lagos
MDI,DNMK,Lagos
LOS,DNMM,Lagos
MXJ,DNMN,Lagos
PHC,DNPO,Lagos
SKO,DNSO,Lagos
YOL,DNYO,Lagos
ZAR,DNZA,Lagos
MFQ,DRRM,Niamey
NIM,DRRN,Niamey
THZ,DRRT,Niamey
AJY,DRZA,Niamey
\N,DRZD,Niamey
\N,DRZF,Niamey
ZND,DRZR,Niamey
MIR,DTMB,Tunis
TUN,DTTA,Tunis
\N,DTTB,Tunis
\N,DTTD,Tunis
GAF,DTTF,Tunis
GAE,DTTG,Tunis
\N,DTTI,Tunis
DJE,DTTJ,Tunis
EBM,DTTR,Tunis
SFA,DTTX,Tunis
TOE,DTTZ,Tunis
LRL,DXNG,Lome
LFW,DXXX,Lome
ANR,EBAW,Brussels
\N,EBBE,Brussels
\N,EBBL,Brussels
BRU,EBBR,Brussels
\N,EBBX,Brussels
CRL,EBCI,Brussels
\N,EBCV,Brussels
\N,EBFN,Brussels
\N,EBFS,Brussels
KJK,EBKT,Brussels
LGG,EBLG,Brussels
OST,EBOS,Brussels
\N,EBSL,Brussels
\N,EBST,Brussels
\N,EBSU,Brussels
\N,EBUL,Brussels
\N,EBWE,Brussels
OBL,EBZR,Brussels
\N,EDAB,Berlin
AOC,EDAC,Berlin
\N,EDAD,Berlin
\N,EDAE,Berlin
\N,EDAK,Berlin
\N,EDAM,Berlin
\N,EDAQ,Berlin
IES,EDAU,Berlin
REB,EDAX,Berlin
\N,EDAY,Berlin
QXH,EDAZ,Berlin
BBH,EDBH,Berlin
\N,EDBJ,Berlin
\N,EDBK,Berlin
ZMG,EDBM,Berlin
\N,EDBR,Berlin
\N,EDCA,Berlin
CBU,EDCD,Berlin
\N,EDCM,Berlin
SXF,EDDB,Berlin
DRS,EDDC,Berlin
ERF,EDDE,Berlin
FRA,EDDF,Berlin
FMO,EDDG,Berlin
HAM,EDDH,Berlin
THF,EDDI,Berlin
CGN,EDDK,Berlin
DUS,EDDL,Berlin
MUC,EDDM,Berlin
NUE,EDDN,Berlin
LEJ,EDDP,Berlin
SCN,EDDR,Berlin
STR,EDDS,Berlin
TXL,EDDT,Berlin
HAJ,EDDV,Berlin
BRE,EDDW,Berlin
QEF,EDFE,Berlin
HHN,EDFH,Berlin
MHG,EDFM,Berlin
\N,EDFQ,Berlin
\N,EDFV,Berlin
\N,EDFZ,Berlin
EIB,EDGE,Berlin
SGE,EDGS,Berlin
XFW,EDHI,Berlin
KEL,EDHK,Berlin
LBC,EDHL,Berlin
\N,EDKV,Berlin
\N,EDKZ,Berlin
\N,EDLA,Berlin
ESS,EDLE,Berlin
BFE,EDLI,Berlin
MGL,EDLN,Berlin
PAD,EDLP,Berlin
\N,EDLS,Berlin
DTM,EDLW,Berlin
AGB,EDMA,Berlin
\N,EDMB,Berlin
\N,EDME,Berlin
\N,EDMN,Berlin
OBF,EDMO,Berlin
RBM,EDMS,Berlin
\N,EDMV,Berlin
\N,EDNL,Berlin
FDH,EDNY,Berlin
SZW,EDOP,Berlin
\N,EDOV,Berlin
\N,EDPA,Berlin
BYU,EDQD,Berlin
URD,EDQE,Berlin
HOQ,EDQM,Berlin
\N,EDQT,Berlin
\N,EDRK,Berlin
\N,EDRT,Berlin
\N,EDRY,Berlin
ZQW,EDRZ,Berlin
ZQL,EDTD,Berlin
\N,EDTF,Berlin
\N,EDTM,Berlin
\N,EDTY,Berlin
\N,EDUS,Berlin
BWE,EDVE,Berlin
KSF,EDVK,Berlin
\N,EDVM,Berlin
BRV,EDWB,Berlin
EME,EDWE,Berlin
\N,EDWF,Berlin
WVN,EDWI,Berlin
BMK,EDWR,Berlin
NRD,EDWY,Berlin
FLF,EDXF,Berlin
\N,EDXR,Berlin
GWT,EDXW,Berlin
\N,EEEI,Tallinn
KDL,EEKA,Tallinn
URE,EEKE,Tallinn
EPU,EEPU,Tallinn
TLL,EETN,Tallinn
TAY,EETU,Tallinn
ENF,EFET,Helsinki
\N,EFEU,Helsinki
KEV,EFHA,Helsinki
HEM,EFHF,Helsinki
HEL,EFHK,Helsinki
\N,EFHM,Helsinki
\N,EFHN,Helsinki
HYV,EFHV,Helsinki
\N,EFIK,Helsinki
\N,EFIM,Helsinki
KTQ,EFIT,Helsinki
IVL,EFIV,Helsinki
JOE,EFJO,Helsinki
JYV,EFJY,Helsinki
KAU,EFKA,Helsinki
KEM,EFKE,Helsinki
KAJ,EFKI,Helsinki
KHJ,EFKJ,Helsinki
KOK,EFKK,Helsinki
\N,EFKM,Helsinki
KAO,EFKS,Helsinki
KTT,EFKT,Helsinki
KUO,EFKU,Helsinki
QLF,EFLA,Helsinki
LPP,EFLP,Helsinki
MHQ,EFMA,Mariehamn
\N,EFME,Helsinki
MIK,EFMI,Helsinki
\N,EFNU,Helsinki
OUL,EFOU,Helsinki
\N,EFPI,Helsinki
POR,EFPO,Helsinki
\N,EFPU,Helsinki
\N,EFPY,Helsinki
\N,EFRH,Helsinki
\N,EFRN,Helsinki
RVN,EFRO,Helsinki
\N,EFRY,Helsinki
SVL,EFSA,Helsinki
\N,EFSE,Helsinki
SOT,EFSO,Helsinki
TMP,EFTP,Helsinki
\N,EFTS,Helsinki
TKU,EFTU,Helsinki
UTI,EFUT,Helsinki
VAA,EFVA,Helsinki
VRK,EFVR,Helsinki
YLI,EFYL,Helsinki
BFS,EGAA,London
ENK,EGAB,London
BHD,EGAC,London
LDY,EGAE,London
BHX,EGBB,London
CVT,EGBE,London
\N,EGBG,London
GLO,EGBJ,London
\N,EGBO,London
GBA,EGBP,London
\N,EGBT,London
\N,EGBW,London
MAN,EGCC,London
\N,EGCD,London
\N,EGDC,London
NQY,EGHQ,London
LYE,EGDL,London
\N,EGDM,London
\N,EGDR,London
\N,EGDX,London
YEO,EGDY,London
HAW,EGFE,London
CWL,EGFF,London
SWS,EGFH,London
BRS,EGGD,London
LPL,EGGP,London
LTN,EGGW,London
PLH,EGHD,London
BOH,EGHH,London
SOU,EGHI,London
QLA,EGHL,London
ACI,EGJA,Guernsey
GCI,EGJB,Guernsey
JER,EGJJ,Jersey
ESH,EGKA,London
BQH,EGKB,London
LGW,EGKK,London
LCY,EGLC,London
FAB,EGLF,London
\N,EGLJ,London
BBS,EGLK,London
LHR,EGLL,London
SEN,EGMC,London
LYX,EGMD,London
MSE,EGMH,London
\N,EGNB,London
CAX,EGNC,London
\N,EGNE,London
BLK,EGNH,London
HUY,EGNJ,London
BWF,EGNL,London
LBA,EGNM,London
WRT,EGNO,London
CEG,EGNR,London
IOM,EGNS,Isle_of_Man
NCL,EGNT,London
MME,EGNV,London
EMA,EGNX,London
\N,EGOD,London
\N,EGOE,London
\N,EGOS,London
\N,EGOW,London
KOI,EGPA,London
LSI,EGPB,London
WIC,EGPC,London
ABZ,EGPD,London
INV,EGPE,London
GLA,EGPF,London
EDI,EGPH,London
ILY,EGPI,London
PIK,EGPK,London
BEB,EGPL,London
SCS,EGPM,London
DND,EGPN,London
SYY,EGPO,London
TRE,EGPU,London
ADX,EGQL,London
LMO,EGQS,London
CBG,EGSC,London
\N,EGSF,London
NWI,EGSH,London
STN,EGSS,London
\N,EGSX,London
\N,EGSY,London
\N,EGTC,London
EXT,EGTE,London
FZO,EGTG,London
OXF,EGTK,London
BEX,EGUB,London
LKZ,EGUL,London
MHZ,EGUN,London
\N,EGUW,London
QUY,EGUY,London
FFD,EGVA,London
BZZ,EGVN,London
ODH,EGVO,London
\N,EGWC,London
NHT,EGWU,London
QCY,EGXC,London
\N,EGXD,London
\N,EGXE,London
\N,EGXG,London
BEQ,EGXH,London
\N,EGXJ,London
SQZ,EGXP,London
\N,EGXT,London
HRT,EGXU,London
WTN,EGXW,London
\N,EGXZ,London
\N,EGYD,London
\N,EGYE,London
KNF,EGYM,London
MPN,EGYP,Stanley
AMS,EHAM,Amsterdam
\N,EHBD,Amsterdam
MST,EHBK,Amsterdam
\N,EHDL,Amsterdam
\N,EHDR,Amsterdam
EIN,EHEH,Amsterdam
GRQ,EHGG,Amsterdam
GLZ,EHGR,Amsterdam
DHR,EHKD,Amsterdam
LEY,EHLE,Amsterdam
LWR,EHLW,Amsterdam
RTM,EHRD,Amsterdam
UTC,EHSB,Amsterdam
ENS,EHTW,Amsterdam
LID,EHVB,Amsterdam
WOE,EHWO,Amsterdam
ORK,EICK,Dublin
GWY,EICM,Dublin
DUB,EIDW,Dublin
NOC,EIKN,Dublin
KIR,EIKY,Dublin
\N,EIME,Dublin
SNN,EINN,Dublin
SXL,EISG,Dublin
WAT,EIWF,Dublin
AAR,EKAH,Copenhagen
BLL,EKBI,Copenhagen
CPH,EKCH,Copenhagen
EBJ,EKEB,Copenhagen
\N,EKGH,Copenhagen
KRP,EKKA,Copenhagen
BYR,EKLS,Copenhagen
MRW,EKMB,Copenhagen
ODE,EKOD,Copenhagen
\N,EKPB,Copenhagen
RKE,EKRK,Copenhagen
RNN,EKRN,Copenhagen
SGD,EKSB,Copenhagen
SKS,EKSP,Copenhagen
SQW,EKSV,Copenhagen
TED,EKTS,Copenhagen
\N,EKVD,Copenhagen
FAE,EKVG,Faeroe
\N,EKVH,Copenhagen
STA,EKVJ,Copenhagen
AAL,EKYT,Copenhagen
LUX,ELLX,Luxembourg
AES,ENAL,Oslo
ANX,ENAN,Oslo
ALF,ENAT,Oslo
\N,ENBM,Oslo
BNN,ENBN,Oslo
BOO,ENBO,Oslo
BGO,ENBR,Oslo
BJF,ENBS,Oslo
KRS,ENCN,Oslo
DLD,ENDI,Oslo
BDU,ENDU,Oslo
EVE,ENEV,Oslo
VDB,ENFG,Oslo
FRO,ENFL,Oslo
OSL,ENGM,Oslo
HAU,ENHD,Oslo
HAA,ENHK,Oslo
KSU,ENKB,Oslo
\N,ENKJ,Oslo
KKN,ENKR,Oslo
FAN,ENLI,Oslo
MOL,ENML,Oslo
MJF,ENMS,Oslo
LKL,ENNA,Oslo
NTB,ENNO,Oslo
OLA,ENOL,Oslo
RRS,ENRO,Oslo
RYG,ENRY,Oslo
LYR,ENSB,Longyearbyen
SKE,ENSN,Oslo
SRP,ENSO,Oslo
SSJ,ENST,Oslo
TOS,ENTC,Oslo
TRF,ENTO,Oslo
TRD,ENVA,Oslo
SVG,ENZV,Oslo
\N,EPBC,Warsaw
GDN,EPGD,Warsaw
KRK,EPKK,Warsaw
\N,EPKM,Warsaw
KTW,EPKT,Warsaw
\N,EPML,Warsaw
POZ,EPPO,Warsaw
RZE,EPRZ,Warsaw
SZZ,EPSC,Warsaw
OSP,EPSK,Warsaw
\N,EPSN,Warsaw
WAW,EPWA,Warsaw
WRO,EPWR,Warsaw
IEG,EPZG,Warsaw
\N,ESCF,Stockholm
\N,ESCK,Stockholm
\N,ESCM,Stockholm
RNB,ESDF,Stockholm
\N,ESFR,Stockholm
GOT,ESGG,Stockholm
JKG,ESGJ,Stockholm
\N,ESGK,Stockholm
LDK,ESGL,Stockholm
GSE,ESGP,Stockholm
KVB,ESGR,Stockholm
THN,ESGT,Stockholm
\N,ESIA,Stockholm
\N,ESIB,Stockholm
\N,ESKB,Stockholm
KSK,ESKK,Stockholm
MXX,ESKM,Stockholm
NYO,ESKN,Stockholm
\N,ESKV,Stockholm
\N,ESMA,Stockholm
\N,ESMG,Stockholm
KID,ESMK,Stockholm
\N,ESML,Stockholm
OSK,ESMO,Stockholm
\N,ESMP,Stockholm
KLR,ESMQ,Stockholm
MMX,ESMS,Stockholm
HAD,ESMT,Stockholm
\N,ESMV,Stockholm
VXO,ESMX,Stockholm
\N,ESNA,Stockholm
\N,ESNC,Stockholm
EVG,ESND,Stockholm
GEV,ESNG,Stockholm
HUV,ESNH,Stockholm
\N,ESNJ,Stockholm
KRF,ESNK,Stockholm
LYC,ESNL,Stockholm
\N,ESNM,Stockholm
SDL,ESNN,Stockholm
OER,ESNO,Stockholm
\N,ESNP,Stockholm
KRN,ESNQ,Stockholm
\N,ESNR,Stockholm
SFT,ESNS,Stockholm
\N,ESNT,Stockholm
UME,ESNU,Stockholm
VHM,ESNV,Stockholm
AJR,ESNX,Stockholm
ORB,ESOE,Stockholm
VST,ESOW,Stockholm
LLA,ESPA,Stockholm
\N,ESPE,Stockholm
\N,ESQO,Stockholm
ARN,ESSA,Stockholm
BMA,ESSB,Stockholm
BLE,ESSD,Stockholm
HLF,ESSF,Stockholm
GVX,ESSK,Stockholm
LPI,ESSL,Stockholm
NRK,ESSP,Stockholm
EKT,ESSU,Stockholm
VBY,ESSV,Stockholm
\N,ESUK,Stockholm
SPM,ETAD,Berlin
RMS,ETAR,Berlin
GHF,ETEU,Berlin
\N,ETHB,Berlin
ZCN,ETHC,Berlin
\N,ETHE,Berlin
FRZ,ETHF,Berlin
\N,ETHL,Berlin
\N,ETHM,Berlin
\N,ETHN,Berlin
\N,ETHR,Berlin
\N,ETHS,Berlin
\N,ETIC,Berlin
ZNF,ETID,Berlin
\N,ETIH,Berlin
KZG,ETIN,Berlin
FCN,ETMN,Berlin
\N,ETND,Berlin
GKE,ETNG,Berlin
\N,ETNH,Berlin
\N,ETNJ,Berlin
RLG,ETNL,Berlin
\N,ETNN,Berlin
WBG,ETNS,Berlin
\N,ETNT,Berlin
\N,ETNW,Berlin
\N,ETOI,Berlin
\N,ETOR,Berlin
WIE,ETOU,Berlin
\N,ETSA,Berlin
\N,ETSB,Berlin
\N,ETSE,Berlin
FEL,ETSF,Berlin
\N,ETSH,Berlin
IGS,ETSI,Berlin
\N,ETSL,Berlin
\N,ETSN,Berlin
GUT,ETUO,Berlin
ALJ,FAAB,Johannesburg
AGZ,FAAG,Johannesburg
\N,FABB,Johannesburg
BIY,FABE,Johannesburg
BFN,FABL,Johannesburg
\N,FABM,Johannesburg
\N,FABO,Johannesburg
CPT,FACT,Johannesburg
\N,FACV,Johannesburg
DUR,FALE,Johannesburg
ELS,FAEL,Johannesburg
\N,FAEO,Johannesburg
FCB,FAFB,Johannesburg
GCJ,FAGC,Johannesburg
GRJ,FAGG,Johannesburg
\N,FAGR,Johannesburg
\N,FAGT,Johannesburg
\N,FAGY,Johannesburg
\N,FAHA,Johannesburg
HRS,FAHR,Johannesburg
HDS,FAHS,Johannesburg
\N,FAHV,Johannesburg
JNB,FAOR,Johannesburg
KXE,FAKD,Johannesburg
KIM,FAKM,Johannesburg
\N,FAKR,Johannesburg
\N,FAKS,Johannesburg
KMH,FAKU,Johannesburg
KLZ,FAKZ,Johannesburg
HLA,FALA,Johannesburg
\N,FALI,Johannesburg
\N,FALM,Johannesburg
SDB,FALW,Johannesburg
LAY,FALY,Johannesburg
\N,FAMB,Johannesburg
MGH,FAMG,Johannesburg
\N,FAMI,Johannesburg
\N,FAMJ,Johannesburg
LLE,FAMN,Johannesburg
\N,FAMS,Johannesburg
MZQ,FAMU,Johannesburg
NCS,FANC,Johannesburg
\N,FANY,Johannesburg
OVG,FAOB,Johannesburg
OUH,FAOH,Johannesburg
PLZ,FAPE,Johannesburg
PBZ,FAPG,Johannesburg
PHW,FAPH,Johannesburg
\N,FAPI,Johannesburg
JOH,FAPJ,Johannesburg
PZB,FAPM,Johannesburg
NTY,FAPN,Johannesburg
PTG,FAPP,Johannesburg
PCF,FAPS,Johannesburg
\N,FAPY,Johannesburg
UTW,FAQT,Johannesburg
RCB,FARB,Johannesburg
\N,FARG,Johannesburg
ROD,FARS,Johannesburg
SBU,FASB,Johannesburg
ZEC,FASC,Johannesburg
\N,FASD,Johannesburg
\N,FASI,Johannesburg
\N,FASK,Johannesburg
SIS,FASS,Johannesburg
\N,FASX,Johannesburg
SZK,FASZ,Johannesburg
\N,FATF,Johannesburg
\N,FATP,Johannesburg
\N,FATT,Johannesburg
LTA,FATZ,Johannesburg
ULD,FAUL,Johannesburg
UTN,FAUP,Johannesburg
UTT,FAUT,Johannesburg
VRU,FAVB,Johannesburg
VIR,FAVG,Johannesburg
VRE,FAVR,Johannesburg
\N,FAVV,Johannesburg
PRY,FAWB,Johannesburg
\N,FAWI,Johannesburg
WKF,FAWK,Johannesburg
\N,FAWM,Johannesburg
\N,FAYP,Johannesburg
\N,FAZR,Johannesburg
FRW,FBFT,Gaborone
JWA,FBJW,Gaborone
BBK,FBKE,Gaborone
MUB,FBMN,Gaborone
GBE,FBSK,Gaborone
PKW,FBSP,Gaborone
BZV,FCBB,Brazzaville
FTX,FCOO,Brazzaville
OUE,FCOU,Brazzaville
PNR,FCPP,Brazzaville
MTS,FDMS,Mbabane
BGF,FEFF,Bangui
BBT,FEFT,Bangui
BSG,FGBT,Malabo
SSG,FGSL,Malabo
ASI,FHAW,St_Helena
MRU,FIMP,Mauritius
RRG,FIMR,Mauritius
NKW,FJDG,Chagos
TKC,FKKC,Douala
DLA,FKKD,Douala
MVR,FKKL,Douala
FOM,FKKM,Douala
NGE,FKKN,Douala
GOU,FKKR,Douala
BFX,FKKU,Douala
BPC,FKKV,Douala
YAO,FKKY,Douala
CGJ,FLKE,Lusaka
LVI,FLLI,Lusaka
LUN,FLLS,Lusaka
MFU,FLMF,Lusaka
MNR,FLMG,Lusaka
NLA,FLND,Lusaka
KIW,FLSO,Lusaka
HAH,FMCH,Comoro
NWA,FMCI,Comoro
AJN,FMCV,Comoro
DZA,FMCZ,Mayotte
RUN,FMEE,Reunion
ZSE,FMEP,Reunion
TNR,FMMI,Antananarivo
ZVA,FMMN,Antananarivo
SMS,FMMS,Antananarivo
TMM,FMMT,Antananarivo
MOQ,FMMV,Antananarivo
DIE,FMNA,Antananarivo
WMR,FMNC,Antananarivo
ZWA,FMND,Antananarivo
AMB,FMNE,Antananarivo
ANM,FMNH,Antananarivo
HVA,FMNL,Antananarivo
MJN,FMNM,Antananarivo
NOS,FMNN,Antananarivo
BPY,FMNQ,Antananarivo
WMN,FMNR,Antananarivo
SVB,FMNS,Antananarivo
VOH,FMNV,Antananarivo
WAI,FMNW,Antananarivo
IVA,FMNZ,Antananarivo
FTU,FMSD,Antananarivo
WFI,FMSF,Antananarivo
RVA,FMSG,Antananarivo
WVK,FMSK,Antananarivo
MNJ,FMSM,Antananarivo
MXM,FMSR,Antananarivo
TLE,FMST,Antananarivo
SSY,FNBC,Luanda
BUG,FNBG,Luanda
CAB,FNCA,Luanda
NOV,FNHU,Luanda
SVP,FNKU,Luanda
\N,FNLB,Luanda
LAD,FNLU,Luanda
MEG,FNMA,Luanda
SPP,FNME,Luanda
GXG,FNNG,Luanda
PBN,FNPA,Luanda
VHC,FNSA,Luanda
SZA,FNSO,Luanda
SDD,FNUB,Luanda
LUO,FNUE,Luanda
UGO,FNUG,Luanda
XGN,FNXA,Luanda
OYE,FOGO,Libreville
OKN,FOGQ,Libreville
LBQ,FOGR,Libreville
BMM,FOOB,Libreville
POG,FOOG,Libreville
OMB,FOOH,Libreville
MKU,FOOK,Libreville
LBV,FOOL,Libreville
MVB,FOON,Libreville
PCP,FPPR,Sao_Tome
TMS,FPST,Sao_Tome
BEW,FQBR,Maputo
INH,FQIN,Maputo
VXC,FQLC,Maputo
LFB,FQLU,Maputo
MPM,FQMA,Maputo
MUD,FQMD,Maputo
MZB,FQMP,Maputo
\N,FQMR,Maputo
MNC,FQNC,Maputo
APL,FQNP,Maputo
POL,FQPB,Maputo
UEL,FQQL,Maputo
\N,FQSG,Maputo
TET,FQTT,Maputo
\N,FQUG,Maputo
VNX,FQVL,Maputo
\N,FSAL,Mahe
DES,FSDR,Mahe
\N,FSFA,Mahe
SEZ,FSIA,Mahe
PRI,FSPP,Mahe
\N,FSSC,Mahe
AEH,FTTC,Ndjamena
MQQ,FTTD,Ndjamena
NDJ,FTTJ,Ndjamena
FYT,FTTY,Ndjamena
BUQ,FVBU,Harare
\N,FVCP,Harare
BFO,FVCZ,Harare
VFA,FVFA,Harare
HRE,FVHA,Harare
KAB,FVKB,Harare
\N,FVMT,Harare
UTA,FVMU,Harare
MVZ,FVMV,Harare
\N,FVSH,Harare
GWE,FVTL,Harare
HWN,FVWN,Harare
BLZ,FWCL,Blantyre
KGJ,FWKA,Blantyre
KBQ,FWKG,Blantyre
LLW,FWKI,Blantyre
ZZU,FWUU,Blantyre
MSU,FXMM,Maseru
\N,FXMU,Maseru
FIH,FZAA,Kinshasa
NLO,FZAB,Kinshasa
MNB,FZAG,Kinshasa
\N,FZAI,Kinshasa
FDU,FZBO,Kinshasa
KKW,FZCA,Kinshasa
MDK,FZEA,Kinshasa
BDT,FZFD,Kinshasa
GMA,FZFK,Kinshasa
KLI,FZFP,Kinshasa
LIQ,FZGA,Kinshasa
FKI,FZIC,Lubumbashi
IRP,FZJH,Lubumbashi
BUX,FZKA,Lubumbashi
BZU,FZKJ,Lubumbashi
BKY,FZMA,Lubumbashi
GOM,FZNA,Kigali
KND,FZOA,Lubumbashi
FBM,FZQA,Lubumbashi
KWZ,FZQM,Lubumbashi
FMI,FZRF,Lubumbashi
KMN,FZSA,Lubumbashi
KGA,FZUA,Lubumbashi
MJM,FZWA,Lubumbashi
BKO,GABS,Bamako
GAQ,GAGO,Bamako
KYS,GAKY,Bamako
MZI,GAMB,Bamako
TOM,GATB,Bamako
\N,GATS,Bamako
BJL,GBYD,Banjul
FUE,GCFV,Canary
VDE,GCHI,Canary
SPC,GCLA,Canary
LPA,GCLP,Canary
ACE,GCRR,Canary
TFS,GCTS,Canary
TFN,GCXO,Canary
MLN,GEML,Madrid
FNA,GFLL,Freetown
\N,GGCF,Bissau
MLW,GLMR,Monrovia
ROB,GLRB,Monrovia
AGA,GMAD,Casablanca
TTA,GMAT,Casablanca
FEZ,GMFF,Casablanca
\N,GMFI,Casablanca
ERH,GMFK,Casablanca
MEK,GMFM,Casablanca
OUD,GMFO,Casablanca
GMD,GMMB,Casablanca
RBA,GMME,Casablanca
CMN,GMMN,Casablanca
RAK,GMMX,Casablanca
NNA,GMMY,Casablanca
OZZ,GMMZ,Casablanca
AHU,GMTA,Casablanca
TTU,GMTN,Casablanca
TNG,GMTT,Casablanca
ZIG,GOGG,Dakar
CSK,GOGS,Dakar
KLC,GOOK,Dakar
DKR,GOOY,Dakar
XLS,GOSS,Dakar
BXE,GOTB,Dakar
KGG,GOTK,Dakar
TUD,GOTT,Dakar
AEO,GQNA,Nouakchott
TIY,GQND,Nouakchott
KFA,GQNF,Nouakchott
EMN,GQNI,Nouakchott
KED,GQNK,Nouakchott
NKC,GQNO,Nouakchott
SEY,GQNS,Nouakchott
ATR,GQPA,Nouakchott
NDB,GQPP,Nouakchott
\N,GQPT,Nouakchott
FIG,GUFA,Conakry
FAA,GUFH,Conakry
LEK,GULB,Conakry
SID,GVAC,Cape_Verde
BVC,GVBA,Cape_Verde
MMO,GVMA,Cape_Verde
SNE,GVSN,Cape_Verde
VXE,GVSV,Cape_Verde
ADD,HAAB,Addis_Ababa
\N,HAAL,Addis_Ababa
AMH,HAAM,Addis_Ababa
AXU,HAAX,Addis_Ababa
BJR,HABD,Addis_Ababa
DIR,HADR,Addis_Ababa
GMB,HAGM,Addis_Ababa
GDQ,HAGN,Addis_Ababa
JIM,HAJM,Addis_Ababa
LLI,HALL,Addis_Ababa
MQX,HAMK,Addis_Ababa
ASO,HASO,Addis_Ababa
BJM,HBBA,Bujumbura
HGA,HCMH,Mogadishu
BBO,HCMI,Mogadishu
KMU,HCMK,Mogadishu
ALY,HEAX,Cairo
ABS,HEBL,Cairo
CAI,HECA,Cairo
CWE,HECW,Cairo
HRG,HEGN,Cairo
EGH,HEGR,Cairo
LXR,HELX,Cairo
MUH,HEMM,Cairo
PSD,HEPS,Cairo
SKV,HESC,Cairo
ASW,HESN,Cairo
ELT,HETR,Cairo
EDL,HKEL,Nairobi
GGM,HKKG,Nairobi
KIS,HKKI,Nairobi
KTL,HKKT,Nairobi
LOK,HKLO,Nairobi
LAU,HKLU,Nairobi
MBA,HKMO,Nairobi
\N,HKNV,Nairobi
WIL,HKNW,Nairobi
\N,HKRE,Nairobi
WJR,HKWJ,Nairobi
\N,HLFL,Tripoli
\N,HLGL,Tripoli
GHT,HLGT,Tripoli
AKF,HLKF,Tripoli
BEN,HLLB,Tripoli
SEB,HLLS,Tripoli
TIP,HLLT,Tripoli
LMQ,HLMB,Tripoli
\N,HLNF,Tripoli
HUQ,HLON,Tripoli
\N,HLRA,Tripoli
LTD,HLTD,Tripoli
\N,HLZA,Tripoli
GYI,HRYG,Kigali
KGL,HRYR,Kigali
KME,HRZA,Kigali
DOG,HSDN,Khartoum
RSS,HSDZ,Khartoum
ELF,HSFS,Khartoum
KSL,HSKA,Khartoum
KDX,HSLI,Khartoum
EBD,HSOB,Khartoum
JUB,HSSJ,Juba
MAK,HSSM,Juba
KRT,HSSS,Khartoum
ARK,HTAR,Dar_es_Salaam
DAR,HTDA,Dar_es_Salaam
DOD,HTDO,Dar_es_Salaam
IRI,HTIR,Dar_es_Salaam
JRO,HTKJ,Dar_es_Salaam
LKY,HTLM,Dar_es_Salaam
MYW,HTMT,Dar_es_Salaam
MWZ,HTMW,Dar_es_Salaam
PMA,HTPE,Dar_es_Salaam
TGT,HTTG,Dar_es_Salaam
ZNZ,HTZA,Dar_es_Salaam
EBB,HUEN,Kampala
SRT,HUSO,Kampala
TIA,LATI,Tirane
BOJ,LBBG,Sofia
GOZ,LBGO,Sofia
PDV,LBPD,Sofia
SOF,LBSF,Sofia
SZR,LBSZ,Sofia
VAR,LBWN,Sofia
LCA,LCLK,Nicosia
PFO,LCPH,Nicosia
AKT,LCRA,London
DBV,LDDU,Zagreb
\N,LDOC,Zagreb
OSI,LDOS,Zagreb
PUY,LDPL,Zagreb
\N,LDRG,Zagreb
RJK,LDRI,Zagreb
SPU,LDSP,Zagreb
\N,LDVA,Zagreb
ZAG,LDZA,Zagreb
ZAD,LDZD,Zagreb
\N,LDZU,Zagreb
ABC,LEAB,Madrid
ALC,LEAL,Madrid
LEI,LEAM,Madrid
OVD,LEAS,Madrid
ODB,LEBA,Madrid
BIO,LEBB,Madrid
BCN,LEBL,Madrid
BJZ,LEBZ,Madrid
LCG,LECO,Madrid
\N,LEGA,Madrid
GRO,LEGE,Madrid
GRX,LEGR,Madrid
\N,LEGT,Madrid
IBZ,LEIB,Madrid
XRY,LEJR,Madrid
MJV,LELC,Madrid
MAD,LEMD,Madrid
AGP,LEMG,Madrid
MAH,LEMH,Madrid
OZP,LEMO,Madrid
\N,LEOC,Madrid
PNA,LEPP,Madrid
\N,LERI,Madrid
REU,LERS,Madrid
ROZ,LERT,Madrid
SLM,LESA,Madrid
\N,LESB,Madrid
\N,LESL,Madrid
EAS,LESO,Madrid
SCQ,LEST,Madrid
LEU,LESU,Madrid
TOJ,LETO,Madrid
VLC,LEVC,Madrid
VLL,LEVD,Madrid
VIT,LEVT,Madrid
VGO,LEVX,Madrid
SDR,LEXJ,Madrid
ZAZ,LEZG,Madrid
SVQ,LEZL,Madrid
CQF,LFAC,Paris
\N,LFAG,Paris
\N,LFAI,Paris
\N,LFAO,Paris
BYF,LFAQ,Paris
LTQ,LFAT,Paris
XVS,LFAV,Paris
\N,LFAY,Paris
AGF,LFBA,Paris
\N,LFBC,Paris
BOD,LFBD,Paris
EGC,LFBE,Paris
\N,LFBF,Paris
CNG,LFBG,Paris
PIS,LFBI,Paris
MCU,LFBK,Paris
LIG,LFBL,Paris
\N,LFBM,Paris
NIT,LFBN,Paris
TLS,LFBO,Paris
PUF,LFBP,Paris
\N,LFBR,Paris
LDE,LFBT,Paris
ANG,LFBU,Paris
BVE,LFSL,Paris
PGX,LFBX,Paris
BIQ,LFBZ,Paris
ZAO,LFCC,Paris
\N,LFCG,Paris
\N,LFCH,Paris
LBI,LFCI,Paris
DCM,LFCK,Paris
\N,LFCL,Paris
\N,LFCM,Paris
\N,LFCQ,Paris
RDZ,LFCR,Paris
\N,LFCU,Paris
\N,LFCW,Paris
RYN,LFCY,Paris
\N,LFCZ,Paris
\N,LFDA,Paris
XMW,LFDB,Paris
\N,LFDH,Paris
\N,LFDI,Paris
\N,LFDJ,Paris
\N,LFDM,Paris
RCO,LFDN,Paris
\N,LFED,Paris
\N,LFEH,Paris
\N,LFES,Paris
\N,LFFI,Paris
\N,LFFN,Paris
CMR,LFGA,Paris
\N,LFGF,Paris
DLE,LFGJ,Paris
\N,LFGK,Paris
\N,LFGW,Paris
OBS,LFHO,Paris
LPY,LFHP,Paris
\N,LFHQ,Paris
\N,LFHS,Paris
\N,LFHV,Paris
\N,LFHY,Paris
\N,LFIF,Paris
\N,LFIG,Paris
ETZ,LFJL,Paris
BIA,LFKB,Paris
CLY,LFKC,Paris
FSC,LFKF,Paris
AJA,LFKJ,Paris
PRP,LFKO,Paris
SOZ,LFKS,Paris
\N,LFKT,Paris
AUF,LFLA,Paris
CMF,LFLB,Paris
CFE,LFLC,Paris
BOU,LFLD,Paris
\N,LFLE,Paris
\N,LFLH,Paris
QNJ,LFLI,Paris
LYS,LFLL,Paris
\N,LFLM,Paris
SYT,LFLN,Paris
RNE,LFLO,Paris
NCY,LFLP,Paris
GNB,LFLS,Paris
\N,LFLT,Paris
VAF,LFLU,Paris
VHY,LFLV,Paris
AUR,LFLW,Paris
CHR,LFLX,Paris
LYN,LFLY,Paris
\N,LFMA,Paris
\N,LFMC,Paris
CEQ,LFMD,Paris
EBU,LFMH,Paris
\N,LFMI,Paris
CCF,LFMK,Paris
MRS,LFML,Paris
NCE,LFMN,Paris
XOG,LFMO,Paris
PGF,LFMP,Paris
CTT,LFMQ,Paris
\N,LFMS,Paris
MPL,LFMT,Paris
BZR,LFMU,Paris
AVN,LFMV,Paris
\N,LFMY,Paris
\N,LFMZ,Paris
MEN,LFNB,Paris
\N,LFNH,Paris
\N,LFOA,Paris
BVA,LFOB,Paris
\N,LFOC,Paris
\N,LFOD,Paris
EVX,LFOE,Paris
LEH,LFOH,Paris
XAB,LFOI,Paris
ORE,LFOJ,Paris
XCR,LFOK,Paris
URO,LFOP,Paris
TUF,LFOT,Paris
CET,LFOU,Paris
LVA,LFOV,Paris
\N,LFOZ,Paris
LBG,LFPB,Paris
CSF,LFPC,Paris
CDG,LFPG,Paris
\N,LFPK,Paris
\N,LFPM,Paris
TNF,LFPN,Paris
ORY,LFPO,Paris
POX,LFPT,Paris
VIY,LFPV,Paris
\N,LFQA,Paris
\N,LFQB,Paris
\N,LFQC,Paris
\N,LFQE,Paris
\N,LFQF,Paris
NVS,LFQG,Paris
\N,LFQI,Paris
XME,LFQJ,Paris
\N,LFQM,Paris
\N,LFQP,Paris
LIL,LFQQ,Paris
HZB,LFQT,Paris
XCZ,LFQV,Paris
\N,LFQW,Paris
BES,LFRB,Paris
CER,LFRC,Paris
DNR,LFRD,Paris
LBY,LFRE,Paris
GFR,LFRF,Paris
DOL,LFRG,Paris
LRT,LFRH,Paris
EDM,LFRI,Paris
LDV,LFRJ,Paris
CFR,LFRK,Paris
\N,LFRL,Paris
LME,LFRM,Paris
RNS,LFRN,Paris
LAI,LFRO,Paris
UIP,LFRQ,Paris
NTE,LFRS,Paris
SBK,LFRT,Paris
MXN,LFRU,Paris
VNE,LFRV,Paris
SNR,LFRZ,Paris
BSL,LFSB,Paris
\N,LFSC,Paris
DIJ,LFSD,Paris
MZM,LFSF,Paris
EPL,LFSG,Paris
\N,LFSH,Paris
\N,LFSI,Paris
\N,LFSM,Paris
ENC,LFSN,Paris
\N,LFSO,Paris
\N,LFSP,Paris
RHE,LFSR,Paris
SXB,LFST,Paris
\N,LFSX,Paris
\N,LFTF,Paris
TLN,LFTH,Paris
FNI,LFTW,Paris
MQC,LFVM,Miquelon
FSP,LFVP,Miquelon
\N,LFXA,Paris
\N,LFYD,Paris
PYR,LGAD,Athens
AGQ,LGAG,Athens
AXD,LGAL,Athens
\N,LGAX,Athens
VOL,LGBL,Athens
\N,LGEL,Athens
JKH,LGHI,Athens
IOA,LGIO,Athens
HER,LGIR,Athens
KSO,LGKA,Athens
KIT,LGKC,Athens
EFL,LGKF,Athens
KLX,LGKL,Athens
\N,LGKM,Athens
KGS,LGKO,Athens
AOK,LGKP,Athens
CFU,LGKR,Athens
KSJ,LGKS,Athens
KVA,LGKV,Athens
KZI,LGKZ,Athens
LRS,LGLE,Athens
LXS,LGLM,Athens
LRA,LGLR,Athens
\N,LGMG,Athens
JMK,LGMK,Athens
MJT,LGMT,Athens
PVK,LGPZ,Athens
\N,LGRD,Athens
RHO,LGRP,Athens
GPA,LGRX,Athens
CHQ,LGSA,Athens
JSI,LGSK,Athens
SMI,LGSM,Athens
SPJ,LGSP,Athens
JTR,LGSR,Athens
JSH,LGST,Athens
\N,LGSV,Athens
SKU,LGSY,Athens
\N,LGTG,Athens
\N,LGTL,Athens
\N,LGTP,Athens
SKG,LGTS,Athens
\N,LGTT,Athens
ZTH,LGZA,Athens
BUD,LHBP,Budapest
DEB,LHDC,Budapest
\N,LHKE,Budapest
\N,LHNY,Budapest
\N,LHOY,Budapest
\N,LHSA,Budapest
\N,LHSN,Budapest
\N,LIBA,Rome
CRV,LIBC,Rome
BRI,LIBD,Rome
FOG,LIBF,Rome
TAR,LIBG,Rome
LCC,LIBN,Rome
PSR,LIBP,Rome
BDS,LIBR,Rome
\N,LIBV,Rome
SUF,LICA,Rome
CTA,LICC,Rome
LMP,LICD,Rome
PNL,LICG,Rome
PMO,LICJ,Rome
\N,LICP,Rome
REG,LICR,Rome
TPS,LICT,Rome
NSY,LICZ,Rome
AHO,LIEA,Rome
DCI,LIED,Rome
CAG,LIEE,Rome
OLB,LIEO,Rome
TTB,LIET,Rome
\N,LIMA,Rome
\N,LIMB,Rome
MXP,LIMC,Rome
BGY,LIME,Rome
TRN,LIMF,Rome
ALL,LIMG,Rome
GOA,LIMJ,Rome
LIN,LIML,Rome
\N,LIMN,Rome
PMF,LIMP,Rome
\N,LIMS,Rome
CUF,LIMZ,Rome
AVB,LIPA,Rome
BZO,LIPB,Rome
\N,LIPC,Rome
BLQ,LIPE,Rome
TSF,LIPH,Rome
\N,LIPI,Rome
FRL,LIPK,Rome
\N,LIPL,Rome
\N,LIPN,Rome
VBS,LIPO,Rome
TRS,LIPQ,Rome
RMI,LIPR,Rome
\N,LIPS,Rome
VIC,LIPT,Rome
QPA,LIPU,Rome
VRN,LIPX,Rome
VCE,LIPZ,Rome
SAY,LIQS,Rome
CIA,LIRA,Rome
\N,LIRE,Rome
FCO,LIRF,Rome
\N,LIRG,Rome
EBA,LIRJ,Rome
QLT,LIRL,Rome
\N,LIRM,Rome
NAP,LIRN,Rome
PSA,LIRP,Rome
FLR,LIRQ,Rome
GRS,LIRS,Rome
\N,LIRU,Rome
\N,LIRV,Rome
PEG,LIRZ,Rome
\N,LJCE,Ljubljana
LJU,LJLJ,Ljubljana
MBX,LJMB,Ljubljana
POW,LJPZ,Ljubljana
\N,LJSG,Ljubljana
\N,LKCS,Prague
\N,LKCV,Prague
\N,LKHK,Prague
\N,LKHV,Prague
\N,LKKB,Prague
UHE,LKKU,Prague
KLV,LKKV,Prague
\N,LKLN,Prague
\N,LKMH,Prague
OSR,LKMT,Prague
\N,LKNA,Prague
PED,LKPD,Prague
\N,LKPM,Prague
PRV,LKPO,Prague
PRG,LKPR,Prague
BRQ,LKTB,Prague
VOD,LKVO,Prague
TLV,LLBG,Jerusalem
BEV,LLBS,Jerusalem
\N,LLEK,Jerusalem
\N,LLES,Jerusalem
ETH,LLET,Jerusalem
EIY,LLEY,Jerusalem
HFA,LLHA,Jerusalem
\N,LLHS,Jerusalem
RPN,LLIB,Jerusalem
\N,LLMG,Jerusalem
MTZ,LLMZ,Jerusalem
VTM,LLNV,Jerusalem
VDA,LLOV,Jerusalem
\N,LLRD,Jerusalem
MIP,LLRM,Jerusalem
SDV,LLSD,Jerusalem
MLA,LMML,Malta
\N,LOAN,Vienna
\N,LOLW,Vienna
GRZ,LOWG,Vienna
INN,LOWI,Vienna
LNZ,LOWL,Vienna
SZG,LOWS,Vienna
VIE,LOWW,Vienna
\N,LOXZ,Vienna
AVR,LPAR,Lisbon
SMA,LPAZ,Azores
BGC,LPBG,Lisbon
BYJ,LPBJ,Lisbon
BGZ,LPBR,Lisbon
\N,LPCO,Lisbon
CAT,LPCS,Lisbon
\N,LPCV,Lisbon
\N,LPEV,Lisbon
FLW,LPFL,Azores
FAO,LPFR,Lisbon
GRW,LPGR,Azores
HOR,LPHR,Azores
TER,LPLA,Azores
QLR,LPMR,Lisbon
\N,LPMT,Lisbon
\N,LPOV,Lisbon
PDL,LPPD,Azores
PIX,LPPI,Azores
PRM,LPPM,Lisbon
OPO,LPPR,Lisbon
PXO,LPPS,Lisbon
LIS,LPPT,Lisbon
SJZ,LPSJ,Azores
\N,LPST,Lisbon
\N,LPTN,Lisbon
VRL,LPVR,Lisbon
VSE,LPVZ,Lisbon
OMO,LQMO,Sarajevo
SJJ,LQSA,Sarajevo
ARW,LRAR,Bucharest
BCM,LRBC,Bucharest
BAY,LRBM,Bucharest
BBU,LRBS,Bucharest
CND,LRCK,Bucharest
CLJ,LRCL,Bucharest
CSB,LRCS,Bucharest
CRA,LRCV,Bucharest
IAS,LRIA,Bucharest
OMR,LROD,Bucharest
OTP,LROP,Bucharest
SBZ,LRSB,Bucharest
SUJ,LRSM,Bucharest
SCV,LRSV,Bucharest
TCE,LRTC,Bucharest
TGM,LRTM,Bucharest
TSR,LRTR,Bucharest
\N,LSGC,Zurich
GVA,LSGG,Paris
\N,LSGK,Zurich
SIR,LSGS,Zurich
\N,LSMA,Zurich
\N,LSMD,Zurich
EML,LSME,Zurich
\N,LSMF,Zurich
\N,LSMM,Zurich
\N,LSMP,Zurich
LUG,LSZA,Zurich
BRN,LSZB,Zurich
ZHI,LSZG,Zurich
ZRH,LSZH,Zurich
ACH,LSZR,Zurich
SMV,LSZS,Zurich
\N,LTAB,Istanbul
ESB,LTAC,Istanbul
ANK,LTAD,Istanbul
\N,LTAE,Istanbul
ADA,LTAF,Istanbul
UAB,LTAG,Istanbul
AFY,LTAH,Istanbul
AYT,LTAI,Istanbul
GZT,LTAJ,Istanbul
\N,LTAK,Istanbul
KYA,LTAN,Istanbul
\N,LTAO,Istanbul
MZH,LTAP,Istanbul
VAS,LTAR,Istanbul
MLX,LTAT,Istanbul
ASR,LTAU,Istanbul
\N,LTAV,Istanbul
TJK,LTAW,Istanbul
DNZ,LTAY,Istanbul
ISL,LTBA,Istanbul
BZI,LTBF,Istanbul
BDM,LTBG,Istanbul
ESK,LTBI,Istanbul
ADB,LTBJ,Istanbul
\N,LTBK,Istanbul
IGL,LTBL,Istanbul
\N,LTBM,Istanbul
\N,LTBN,Istanbul
\N,LTBP,Istanbul
KCO,LTBQ,Istanbul
DLM,LTBS,Istanbul
\N,LTBT,Istanbul
BXN,LTBV,Istanbul
\N,LTBX,Istanbul
EZS,LTCA,Istanbul
DIY,LTCC,Istanbul
ERC,LTCD,Istanbul
ERZ,LTCE,Istanbul
TZX,LTCG,Istanbul
VAN,LTCI,Istanbul
BAL,LTCJ,Istanbul
SXZ,LTCL,Istanbul
\N,LTFA,Istanbul
\N,LTFB,Istanbul
BZY,LUBL,Chisinau
KIV,LUKK,Chisinau
OHD,LWOH,Skopje
SKP,LWSK,Skopje
GIB,LXGB,Gibraltar
BEG,LYBE,Belgrade
INI,LYNI,Belgrade
TGD,LYPG,Podgorica
PRN,BKPR,Belgrade
TIV,LYTV,Podgorica
\N,LYVR,Belgrade
BTS,LZIB,Bratislava
KSC,LZKZ,Bratislava
\N,LZMC,Bratislava
PZY,LZPP,Bratislava
SLD,LZSL,Bratislava
\N,LZTN,Bratislava
TAT,LZTT,Bratislava
NCA,MBNC,Grand_Turk
PLS,MBPV,Grand_Turk
XSC,MBSC,Grand_Turk
\N,MDAB,Santo_Domingo
BRX,MDBH,Santo_Domingo
CBJ,MDCR,Santo_Domingo
LRM,MDLR,Santo_Domingo
PUJ,MDPC,Santo_Domingo
POP,MDPP,Santo_Domingo
SDQ,MDSD,Santo_Domingo
\N,MDSI,Santo_Domingo
STI,MDST,Santo_Domingo
\N,MGBN,Guatemala
CBV,MGCB,Guatemala
GUA,MGGT,Guatemala
RER,MGRT,Guatemala
GSJ,MGSJ,Guatemala
LCE,MHLC,Tegucigalpa
SAP,MHLM,Tegucigalpa
GJA,MHNJ,Tegucigalpa
RTB,MHRO,Tegucigalpa
TEA,MHTE,Tegucigalpa
TGU,MHTG,Tegucigalpa
TJI,MHTJ,Tegucigalpa
OCJ,MKBS,Jamaica
KIN,MKJP,Jamaica
MBJ,MKJS,Jamaica
POT,MKKJ,Jamaica
KTP,MKTP,Jamaica
ACA,MMAA,Mexico_City
NTR,MMAN,Mexico_City
AGU,MMAS,Mexico_City
HUX,MMBT,Mexico_City
CVJ,MMCB,Mexico_City
ACN,MMCC,Mexico_City
CME,MMCE,Mexico_City
NCG,MMCG,Mazatlan
\N,MMCH,Mexico_City
CUL,MMCL,Mazatlan
CTM,MMCM,Cancun
CEN,MMCN,Hermosillo
CPE,MMCP,Mexico_City
CJS,MMCS,Mazatlan
CUU,MMCU,Mazatlan
CVM,MMCV,Mexico_City
CZM,MMCZ,Cancun
DGO,MMDO,Mexico_City
TPQ,MMEP,Mazatlan
ESE,MMES,Tijuana
GDL,MMGL,Mexico_City
GYM,MMGM,Hermosillo
TCN,MMHC,Mexico_City
HMO,MMHO,Hermosillo
CLQ,MMIA,Mexico_City
ISJ,MMIM,Cancun
SLW,MMIO,Mexico_City
IZT,MMIT,Mexico_City
LZC,MMLC,Mexico_City
LMM,MMLM,Mazatlan
BJX,MMLO,Mexico_City
LAP,MMLP,Mazatlan
LTO,MMLT,Mazatlan
MAM,MMMA,Mexico_City
MID,MMMD,Mexico_City
MXL,MMML,Tijuana
MLM,MMMM,Mexico_City
MTT,MMMT,Mexico_City
LOV,MMMV,Mexico_City
MEX,MMMX,Mexico_City
MTY,MMMY,Mexico_City
MZT,MMMZ,Mazatlan
NOG,MMNG,Hermosillo
NLD,MMNL,Mexico_City
OAX,MMOX,Mexico_City
PAZ,MMPA,Mexico_City
PBC,MMPB,Mexico_City
\N,MMPC,Mexico_City
PPE,MMPE,Hermosillo
PDS,MMPG,Mexico_City
UPN,MMPN,Mexico_City
PVR,MMPR,Mexico_City
PXM,MMPS,Mexico_City
QRO,MMQT,Mexico_City
REX,MMRX,Mexico_City
SJD,MMSD,Mazatlan
SFH,MMSF,Tijuana
SLP,MMSP,Mexico_City
\N,MMTA,Mexico_City
\N,MMTB,Mexico_City
TRC,MMTC,Mexico_City
TGZ,MMTG,Mexico_City
TIJ,MMTJ,Tijuana
TAM,MMTM,Mexico_City
TSL,MMTN,Mexico_City
TLC,MMTO,Mexico_City
TAP,MMTP,Mexico_City
CUN,MMUN,Cancun
VSA,MMVA,Mexico_City
VER,MMVR,Mexico_City
ZCL,MMZC,Mexico_City
ZIH,MMZH,Mexico_City
ZMM,MMZM,Mexico_City
ZLO,MMZO,Mexico_City
\N,MMZP,Mexico_City
BEF,MNBL,Managua
\N,MNBR,Managua
\N,MNLN,Managua
MGA,MNMG,Managua
PUZ,MNPC,Managua
BOC,MPBO,Panama
CHX,MPCH,Panama
DAV,MPDA,Panama
BLB,MPHO,Panama
PAC,MPMG,Panama
SYP,MPSA,Panama
PTY,MPTO,Panama
BAI,MRBA,Costa_Rica
OTR,MRCC,Costa_Rica
JAP,MRCH,Costa_Rica
\N,MREC,Costa_Rica
\N,MRFI,Costa_Rica
GLF,MRGF,Costa_Rica
GPL,MRGP,Costa_Rica
LIR,MRLB,Costa_Rica
LSL,MRLC,Costa_Rica
LIO,MRLM,Costa_Rica
NOB,MRNS,Costa_Rica
SJO,MROC,Costa_Rica
\N,MRPD,Costa_Rica
PMZ,MRPM,Costa_Rica
XQP,MRQP,Costa_Rica
\N,MRSG,Costa_Rica
TOO,MRSV,Costa_Rica
SAL,MSLP,El_Salvador
\N,MSSS,El_Salvador
CYA,MTCA,Port-au-Prince
CAP,MTCH,Port-au-Prince
JAK,MTJA,Port-au-Prince
PAP,MTPP,Port-au-Prince
BCA,MUBA,Havana
BYM,MUBY,Havana
AVI,MUCA,Havana
CCC,MUCC,Havana
CFG,MUCF,Havana
CYO,MUCL,Havana
CMW,MUCM,Havana
SCU,MUCU,Havana
\N,MUFL,Havana
NBW,MUGM
GAO,MUGT,Havana
HAV,MUHA,Havana
HOG,MUHG,Havana
LCL,MULM,Havana
MOA,MUMO,Havana
MZO,MUMZ,Havana
GER,MUNG,Havana
UPB,MUPB,Havana
QPD,MUPR,Havana
\N,MUSA,Havana
SNU,MUSC,Havana
\N,MUSL,Havana
SZJ,MUSN,Havana
USS,MUSS,Havana
VRA,MUVR,Havana
VTU,MUVT,Havana
CYB,MWCB,Cayman
GCM,MWCR,Cayman
MAY,MYAB,Nassau
ASD,MYAF,Nassau
MHH,MYAM,Nassau
SAQ,MYAN,Nassau
AXP,MYAP,Nassau
\N,MYAS,Nassau
TCB,MYAT,Nassau
CCZ,MYBC,Nassau
GHC,MYBG,Nassau
BIM,MYBS,Nassau
GGT,MYEF,Nassau
\N,MYEG,Nassau
ELH,MYEH,Nassau
GHB,MYEM,Nassau
NMC,MYEN,Nassau
RSD,MYER,Nassau
TYM,MYES,Nassau
FPO,MYGF,Nassau
IGA,MYIG,Nassau
LGI,MYLD,Nassau
SML,MYLS,Nassau
MYG,MYMM,Nassau
NAS,MYNN,Nassau
DCT,MYRD,Nassau
RCY,MYRP,Nassau
ZSA,MYSM,Nassau
BZE,MZBZ,Belize
AIT,NCAI,Rarotonga
RAR,NCRG,Rarotonga
NAN,NFFN,Fiji
SUV,NFNA,Fiji
TBU,NFTF,Tongatapu
VAV,NFTV,Tongatapu
TRW,NGTA,Tarawa
TBF,NGTE
WLS,NLWW,Wallis
APW,NSFA,Apia
PPG,NSTU,Pago_Pago
RUR,NTAR
TUB,NTAT,Tahiti
AAA,NTGA,Tahiti
FGU,NTGB,Tahiti
TIH,NTGC,Tahiti
REA,NTGE
FAV,NTGF,Tahiti
XMH,NTGI,Tahiti
GMR,NTGJ,Gambier
KKR,NTGK,Tahiti
MKP,NTGM,Tahiti
PKP,NTGP,Tahiti
TKP,NTGT,Tahiti
AXR,NTGU,Tahiti
MVT,NTGV,Tahiti
TKX,NTKR,Tahiti
NHV,NTMD,Marquesas
BOB,NTTB,Tahiti
RGI,NTTG,Tahiti
HUH,NTTH,Tahiti
MOZ,NTTM,Tahiti
HOI,NTTO
MAU,NTTP,Tahiti
RFP,NTTR,Tahiti
VLI,NVVV,Efate
KNQ,NWWD,Noumea
KOC,NWWK,Noumea
LIF,NWWL,Noumea
GEA,NWWM,Noumea
MEE,NWWR,Noumea
TOU,NWWU,Noumea
UVE,NWWV,Noumea
NOU,NWWW,Noumea
AKL,NZAA,Auckland
TUO,NZAP,Auckland
AMZ,NZAR,Auckland
CHC,NZCH,Auckland
CHT,NZCI,Chatham
DUD,NZDN,Auckland
GIS,NZGS,Auckland
GTN,NZGT,Auckland
HKK,NZHK,Auckland
HLZ,NZHN,Auckland
\N,NZHS,Auckland
KKE,NZKK,Auckland
KAT,NZKT,Auckland
ALR,NZLX,Auckland
MON,NZMC,Auckland
TEU,NZMO,Auckland
MRO,NZMS,Auckland
NPL,NZNP,Auckland
NSN,NZNS,Auckland
IVC,NZNV,Auckland
OHA,NZOH,Auckland
OAM,NZOU,Auckland
PMR,NZPM,Auckland
PPQ,NZPP,Auckland
ZQN,NZQN,Auckland
ROT,NZRO,Auckland
\N,NZRU,Auckland
\N,NZSP,South_Pole
TRG,NZTG,Auckland
TIU,NZTU,Auckland
TWZ,NZUK,Auckland
BHE,NZWB,Auckland
\N,NZWD,South_Pole
WKA,NZWF,Auckland
\N,NZWG,Auckland
WHK,NZWK,Auckland
WLG,NZWN,Auckland
WIR,NZWO,Auckland
\N,NZWP,Auckland
WRE,NZWR,Auckland
WSZ,NZWS,Auckland
WAG,NZWU,Auckland
HEA,OAHR,Kabul
JAA,OAJL,Kabul
KBL,OAKB,Kabul
KDH,OAKN,Kabul
MMZ,OAMN,Kabul
MZR,OAMS,Kabul
OAH,OASD,Kabul
\N,OASG,Kabul
UND,OAUZ,Kabul
BAH,OBBI,Bahrain
\N,OBBS,Bahrain
AHB,OEAB,Riyadh
HOF,OEAH,Riyadh
ABT,OEBA,Riyadh
BHH,OEBH,Riyadh
\N,OEBQ,Riyadh
DMM,OEDF,Riyadh
DHA,OEDR,Riyadh
GIZ,OEGN,Riyadh
ELQ,OEGS,Riyadh
URY,OEGT,Riyadh
HAS,OEHL,Riyadh
QJB,OEJB,Riyadh
\N,OEJF,Riyadh
JED,OEJN,Riyadh
KMC,OEKK,Riyadh
MED,OEMA,Riyadh
EAM,OENG,Riyadh
AQI,OEPA,Riyadh
\N,OEPC,Riyadh
\N,OEPF,Riyadh
\N,OEPJ,Riyadh
\N,OERB,Riyadh
RAH,OERF,Riyadh
RUH,OERK,Riyadh
\N,OERM,Riyadh
RAE,OERR,Riyadh
\N,OERT,Riyadh
SHW,OESH,Riyadh
SLF,OESL,Riyadh
TUU,OETB,Riyadh
TIF,OETF,Riyadh
\N,OETH,Riyadh
\N,OETN,Riyadh
TUI,OETR,Riyadh
EJH,OEWJ,Riyadh
YNB,OEYN,Riyadh
ABD,OIAA,Tehran
DEF,OIAD,Tehran
AKW,OIAG,Tehran
GCH,OIAH,Tehran
\N,OIAI,Tehran
OMI,OIAJ,Tehran
MRX,OIAM,Tehran
AWZ,OIAW,Tehran
AEU,OIBA,Tehran
BUZ,OIBB,Tehran
\N,OIBH,Tehran
\N,OIBI,Tehran
KIH,OIBK,Tehran
BDH,OIBL,Tehran
KHK,OIBQ,Tehran
SXI,OIBS,Tehran
LVP,OIBV,Tehran
KSH,OICC,Tehran
SDG,OICS,Tehran
IFH,OIFE,Tehran
\N,OIFH,Tehran
KKS,OIFK,Tehran
IFN,OIFM,Tehran
\N,OIFP,Tehran
RAS,OIGG,Tehran
AJK,OIHR,Tehran
\N,OIIA,Tehran
\N,OIIC,Tehran
\N,OIID,Tehran
\N,OIIG,Tehran
THR,OIII,Tehran
GZW,OIIK,Tehran
\N,OIIM,Tehran
BND,OIKB,Tehran
JYR,OIKJ,Tehran
KER,OIKK,Tehran
HDR,OIKP,Tehran
\N,OIKQ,Tehran
SYJ,OIKY,Tehran
XBJ,OIMB,Tehran
CKT,OIMC,Tehran
RUD,OIMJ,Tehran
TCX,OIMT,Tehran
KLM,OINE,Tehran
RZR,OINR,Tehran
FAZ,OISF,Tehran
JAR,OISJ,Tehran
LFM,OISR,Tehran
SYZ,OISS,Tehran
KHY,OITK,Tehran
TBZ,OITT,Tehran
JWN,OITZ,Tehran
AZD,OIYY,Tehran
ACZ,OIZB,Tehran
ZBR,OIZC,Tehran
ZAH,OIZH,Tehran
IHR,OIZI,Tehran
\N,OIZS,Tehran
AMM,OJAI,Amman
ADJ,OJAM,Amman
AQJ,OJAQ,Amman
\N,OJHF,Amman
\N,OJJR,Jerusalem
OMF,OJMF,Amman
KWI,OKBK,Kuwait
BEY,OLBA,Beirut
KYE,OLKA,Beirut
AUH,OMAA,Dubai
AZI,OMAD,Dubai
\N,OMAH,Dubai
\N,OMAJ,Dubai
DHF,OMAM,Dubai
\N,OMAR,Dubai
\N,OMAS,Dubai
\N,OMAZ,Dubai
DXB,OMDB,Dubai
FJR,OMFJ,Dubai
RKT,OMRK,Dubai
SHJ,OMSJ,Dubai
KHS,OOKB,Muscat
MSH,OOMA,Muscat
MCT,OOMS,Muscat
SLL,OOSA,Muscat
TTH,OOTH,Muscat
BHW,OPBG,Karachi
LYP,OPFA,Karachi
GWD,OPGD,Karachi
GIL,OPGT,Karachi
JAG,OPJA,Karachi
KHI,OPKC,Karachi
LHE,OPLA,Karachi
\N,OPLH,Karachi
XJM,OPMA,Karachi
MFG,OPMF,Karachi
MWD,OPMI,Karachi
MJD,OPMJ,Karachi
\N,OPMR,Karachi
MUX,OPMT,Karachi
WNS,OPNH,Karachi
\N,OPOK,Karachi
PJG,OPPG,Karachi
PSI,OPPI,Karachi
PEW,OPPS,Karachi
\N,OPQS,Karachi
UET,OPQT,Karachi
RYK,OPRK,Karachi
\N,OPRN,Karachi
\N,OPRS,Karachi
RAZ,OPRT,Karachi
SKZ,OPSK,Karachi
SDT,OPSS,Karachi
SUL,OPSU,Karachi
BDN,OPTH,Karachi
WAF,OPWN,Karachi
PZH,OPZB,Karachi
BSR,ORMM,Baghdad
ALP,OSAP,Damascus
DAM,OSDI,Damascus
DEZ,OSDZ,Damascus
LTK,OSLK,Damascus
PMS,OSPR,Damascus
DIA,OTBD,Qatar
CIS,PCIS,Enderbury
ROP,PGRO,Saipan
SPN,PGSN,Saipan
UAM,PGUA,Guam
GUM,PGUM,Guam
TIQ,PGWT,Saipan
MAJ,PKMJ,Majuro
\N,PKRO,Majuro
KWA,PKWA,Majuro
CXI,PLCH
MDY,PMDY,Midway
TKK,PTKK,Truk
PNI,PTPN,Ponape
ROR,PTRO,Palau
KSA,PTSA,Kosrae
YAP,PTYA,Truk
KNH,RCBS,Taipei
\N,RCDC,Taipei
\N,RCDI,Taipei
TTT,RCFN,Taipei
GNI,RCGI,Taipei
KHH,RCKH,Taipei
CYI,RCKU,Taipei
KYD,RCLY,Taipei
RMQ,RCMQ,Taipei
TNN,RCNN,Taipei
HSZ,RCPO,Taipei
MZG,RCQC,Taipei
\N,RCQS,Taipei
PIF,RCSQ,Taipei
TSA,RCSS,Taipei
TPE,RCTP,Taipei
WOT,RCWA,Taipei
HUN,RCYU,Taipei
NRT,RJAA,Tokyo
MMJ,RJAF,Tokyo
IBR,RJAH,Tokyo
MUS,RJAM,Tokyo
IWO,RJAW,Tokyo
SHM,RJBD,Tokyo
\N,RJBK,Tokyo
OBO,RJCB,Tokyo
CTS,RJCC,Tokyo
HKD,RJCH,Tokyo
\N,RJCJ,Tokyo
MMB,RJCM,Tokyo
SHB,RJCN,Tokyo
\N,RJCT,Tokyo
WKJ,RJCW,Tokyo
IKI,RJDB,Tokyo
UBJ,RJDC,Tokyo
TSJ,RJDT,Tokyo
MBE,RJEB,Tokyo
AKJ,RJEC,Tokyo
OIR,RJEO,Tokyo
RIS,RJER,Tokyo
\N,RJFA,Tokyo
KUM,RJFC,Tokyo
FUJ,RJFE,Tokyo
FUK,RJFF,Tokyo
TNE,RJFG,Tokyo
KOJ,RJFK,Tokyo
KMI,RJFM,Tokyo
\N,RJFN,Tokyo
OIT,RJFO,Tokyo
KKJ,RJFR,Tokyo
KMJ,RJFT,Tokyo
NGS,RJFU,Tokyo
\N,RJFY,Tokyo
\N,RJFZ,Tokyo
ASJ,RJKA,Tokyo
OKE,RJKB,Tokyo
TKN,RJKN,Tokyo
FKJ,RJNF,Tokyo
QGU,RJNG,Tokyo
\N,RJNH,Tokyo
KMQ,RJNK,Tokyo
OKI,RJNO,Tokyo
TOY,RJNT,Tokyo
\N,RJNY,Tokyo
HIJ,RJOA,Tokyo
OKJ,RJOB,Tokyo
IZO,RJOC,Tokyo
\N,RJOF,Tokyo
YGJ,RJOH,Tokyo
KCZ,RJOK,Tokyo
MYJ,RJOM,Tokyo
ITM,RJOO,Tokyo
TTJ,RJOR,Tokyo
TKS,RJOS,Tokyo
TAK,RJOT,Tokyo
\N,RJOY,Tokyo
\N,RJOZ,Tokyo
AOJ,RJSA,Tokyo
GAJ,RJSC,Tokyo
SDS,RJSD,Tokyo
HHE,RJSH,Tokyo
HNA,RJSI,Tokyo
AXT,RJSK,Tokyo
MSJ,RJSM,Tokyo
SDJ,RJSS,Tokyo
\N,RJST,Tokyo
NJA,RJTA,Tokyo
\N,RJTE,Tokyo
HAC,RJTH,Tokyo
\N,RJTJ,Tokyo
\N,RJTK,Tokyo
\N,RJTL,Tokyo
OIM,RJTO,Tokyo
\N,RJTR,Tokyo
HND,RJTT,Tokyo
OKO,RJTY,Tokyo
KWJ,RKJJ,Seoul
CHN,RKJU,Seoul
RSU,RKJY,Seoul
\N,RKND,Seoul
KAG,RKNN,Seoul
CJU,RKPC,Seoul
CHF,RKPE,Seoul
PUS,RKPK,Seoul
USN,RKPU,Seoul
\N,RKSG,Seoul
SSN,RKSM,Seoul
OSN,RKSO,Seoul
GMP,RKSS,Seoul
SWU,RKSW,Seoul
KPO,RKTH,Seoul
TAE,RKTN,Seoul
YEC,RKTY,Seoul
OKA,ROAH,Tokyo
\N,RODE,Tokyo
DNA,RODN,Tokyo
ISG,ROIG,Tokyo
UEO,ROKJ,Tokyo
MMD,ROMD,Tokyo
MMY,ROMY,Tokyo
KTD,RORK,Tokyo
SHI,RORS,Tokyo
TRA,RORT,Tokyo
RNJ,RORY,Tokyo
\N,ROTM,Tokyo
OGN,ROYN,Tokyo
MNL,RPLL,Manila
CBO,RPMC,Manila
\N,RPML,Manila
PAG,RPMP,Manila
GES,RPMR,Manila
ZAM,RPMZ,Manila
BAG,RPUB,Manila
DTE,RPUD,Manila
\N,RPUF,Manila
\N,RPUG,Manila
SJI,RPUH,Manila
\N,RPUL,Manila
MBO,RPUM,Manila
\N,RPUQ,Manila
BQA,RPUR,Manila
\N,RPUZ,Manila
TAC,RPVA,Manila
BCD,RPVB,Manila
DGT,RPVD,Manila
MPH,RPVE,Manila
\N,RPVG,Manila
ILO,RPVI,Manila
KLO,RPVK,Manila
PPS,RPVP,Manila
EUQ,RPVS,Manila
COC,SAAC,Cordoba
GHU,SAAG,Cordoba
JNI,SAAJ,Buenos_Aires
PRA,SAAP,Cordoba
ROS,SAAR,Cordoba
SFN,SAAV,Cordoba
AEP,SABE,Buenos_Aires
COR,SACO,Cordoba
La_Rioja





Salta
Salta






La_Rioja
La_Rioja
Tucuman
San_Juan




San_Luis
San_Luis








Salta

Salta






Salta



Salta


Rio_Gallegos
Ushuaia
Rio_Gallegos
Ushuaia
Rio_Gallegos
Rio_Gallegos
Rio_Gallegos



Salta



Salta

Salta
Salta


Salta
Salta










































































































































































































































































































































































































































































































































































































































































































































































































































































































































































































































































































































































































































































































































































































































































































Rio_Gallegos




























































































































































































































































































































































































































































































































































































































































































































































































































































Salta
Rio_Gallegos
Salta
Rio_Gallegos
Rio_Gallegos





































































































































































































































































































































































































































































































































































































































































































































































































Salta
Salta

Salta
Salta




































































































































































































































































































































































































































































































































































































































































































































































































































































































































































































































































































































































































































































































































































































































































































































































































































































































































































































































































































































































































































































































































































































































































































































